date, pm25
2025/1/1, 33
2025/1/2, 11
2025/1/3, 73
2025/1/4, 23
2025/1/5, 81
2025/1/6, 65
2025/1/7, 40
2025/1/8, 29
2025/1/9, 8
2025/1/14, 16
2025/1/15, 41
2025/1/16, 33
2025/1/18, 124
2025/1/19, 180
2025/1/20, 152
2025/1/21, 92
2025/1/22, 67
2025/1/23, 66
2025/1/24, 186
2025/1/25, 141
2025/1/26, 181
2025/1/27, 77
2025/1/28, 133
2025/1/29, 169
2025/1/30, 117
2025/1/31, 86
2025/2/1, 143
2025/2/2, 140
2025/2/3, 162
2025/2/4, 214
2025/2/5, 135
2025/2/6, 106
2025/2/7, 76
2025/2/8, 108
2025/2/9, 96
2025/2/10, 184
2025/2/11, 141
2025/2/12, 140
2025/2/13, 164
2025/2/14, 114
2025/2/15, 102
2025/2/16, 148
2025/2/17, 153
2025/2/18, 81
2025/2/19, 112
2025/2/20, 87
2025/2/21, 104
2025/2/22, 73
2025/2/23, 40
2025/2/24, 53
2025/2/25, 107
2025/2/26, 73
2025/2/27, 129
2025/2/28, 135
2025/3/1, 111
2025/3/2, 133
2025/3/3, 72
2025/3/4, 57
2024/10/4, 79
2024/10/5, 53
2024/10/7, 5
2024/10/8, 8
2024/10/9, 51
2024/10/10, 29
2024/10/11, 30
2024/10/12, 18
2024/10/13, 22
2024/10/14, 30
2024/10/15, 37
2024/10/16, 21
2024/10/17, 31
2024/10/18, 27
2024/10/19, 29
2024/10/20, 30
2024/10/21, 32
2024/10/22, 51
2024/10/23, 34
2024/10/24, 55
2024/10/25, 25
2024/10/26, 31
2024/10/27, 29
2024/10/28, 27
2024/10/29, 37
2024/10/30, 39
2024/10/31, 34
2024/11/1, 28
2024/11/2, 27
2024/11/3, 28
2024/11/4, 37
2024/11/5, 32
2024/11/6, 25
2024/11/7, 20
2024/11/8, 30
2024/11/9, 10
2024/11/10, 49
2024/11/11, 65
2024/11/12, 52
2024/11/13, 50
2024/11/14, 42
2024/11/15, 79
2024/11/16, 26
2024/11/17, 3
2024/11/18, 45
2024/11/19, 51
2024/11/20, 50
2024/11/21, 54
2024/11/22, 26
2024/11/23, 78
2024/11/24, 69
2024/11/25, 56
2024/11/26, 40
2024/11/27, 24
2024/11/28, 24
2024/11/29, 33
2024/11/30, 53
2024/12/1, 28
2024/12/2, 30
2024/12/3, 30
2024/12/4, 44
2024/12/5, 72
2024/12/6, 51
2024/12/7, 67
2024/12/8, 14
2024/12/9, 37
2024/12/10, 38
2024/12/11, 44
2024/12/12, 54
2024/12/13, 28
2024/12/14, 44
2024/12/15, 28
2024/12/16, 3
2024/12/17, 64
2024/12/18, 48
2024/12/19, 47
2024/12/20, 37
2024/12/21, 4
2024/12/22, 13
2024/12/23, 166
2024/12/24, 79
2024/12/25, 51
2024/12/26, 63
2024/12/27, 42
2024/12/28, 105
2024/12/29, 37
2024/7/1, 18
2024/7/2, 28
2024/7/3, 26
2024/7/4, 14
2024/7/5, 3
2024/7/6, 14
2024/7/7, 13
2024/7/8, 14
2024/7/9, 9
2024/7/10, 19
2024/7/11, 21
2024/7/12, 11
2024/7/13, 31
2024/7/14, 19
2024/7/15, 16
2024/7/16, 26
2024/7/17, 16
2024/7/18, 16
2024/7/19, 10
2024/7/20, 15
2024/7/21, 11
2024/7/22, 21
2024/7/23, 29
2024/7/24, 14
2024/7/25, 21
2024/7/26, 13
2024/7/27, 11
2024/7/28, 26
2024/7/29, 10
2024/7/30, 18
2024/7/31, 21
2024/8/1, 33
2024/8/2, 30
2024/8/3, 20
2024/8/4, 24
2024/8/5, 24
2024/8/6, 24
2024/8/7, 20
2024/8/8, 28
2024/8/13, 27
2024/8/14, 23
2024/8/15, 17
2024/8/16, 22
2024/8/17, 15
2024/8/18, 11
2024/8/19, 14
2024/8/20, 9
2024/8/21, 12
2024/8/22, 11
2024/8/23, 13
2024/8/24, 13
2024/8/25, 15
2024/8/26, 14
2024/8/27, 21
2024/8/28, 15
2024/8/29, 11
2024/8/30, 9
2024/8/31, 14
2024/9/1, 16
2024/9/2, 10
2024/9/3, 11
2024/9/4, 10
2024/9/5, 13
2024/9/6, 14
2024/9/7, 14
2024/9/8, 12
2024/9/9, 19
2024/9/10, 10
2024/9/11, 15
2024/9/12, 10
2024/9/13, 23
2024/9/14, 17
2024/9/15, 23
2024/9/16, 26
2024/9/17, 31
2024/9/18, 22
2024/9/19, 16
2024/9/20, 30
2024/9/21, 27
2024/9/22, 36
2024/9/23, 34
2024/9/24, 9
2024/9/25, 20
2024/9/26, 25
2024/4/1, 35
2024/4/2, 27
2024/4/3, 37
2024/4/4, 40
2024/4/5, 41
2024/4/6, 22
2024/4/7, 25
2024/4/8, 10
2024/4/9, 19
2024/4/10, 18
2024/4/11, 23
2024/4/12, 20
2024/4/13, 22
2024/4/14, 28
2024/4/15, 22
2024/4/16, 17
2024/4/17, 17
2024/4/18, 10
2024/4/19, 15
2024/4/20, 16
2024/4/21, 16
2024/4/22, 20
2024/4/23, 17
2024/4/24, 10
2024/4/25, 11
2024/4/26, 12
2024/4/27, 18
2024/4/28, 29
2024/4/29, 28
2024/4/30, 31
2024/5/1, 19
2024/5/2, 18
2024/5/3, 32
2024/5/4, 38
2024/5/5, 26
2024/5/6, 27
2024/5/7, 19
2024/5/8, 14
2024/5/9, 18
2024/5/10, 26
2024/5/11, 34
2024/5/12, 15
2024/5/13, 26
2024/5/14, 20
2024/5/15, 26
2024/5/16, 34
2024/5/17, 33
2024/5/18, 18
2024/5/19, 11
2024/5/20, 15
2024/5/21, 33
2024/5/22, 31
2024/5/23, 31
2024/5/24, 26
2024/5/25, 15
2024/5/26, 22
2024/5/27, 22
2024/5/28, 12
2024/5/29, 14
2024/5/30, 13
2024/5/31, 17
2024/6/1, 11
2024/6/2, 16
2024/6/3, 12
2024/6/4, 23
2024/6/5, 13
2024/6/6, 14
2024/6/7, 12
2024/6/8, 18
2024/6/9, 15
2024/6/10, 29
2024/6/11, 13
2024/6/12, 24
2024/6/13, 15
2024/6/14, 8
2024/6/15, 12
2024/6/16, 15
2024/6/17, 22
2024/6/18, 25
2024/6/19, 15
2024/6/20, 20
2024/6/21, 24
2024/6/22, 14
2024/6/23, 15
2024/6/24, 26
2024/6/25, 20
2024/6/26, 16
2024/6/27, 25
2024/6/28, 34
2024/6/29, 29
2024/6/30, 36
2024/1/1, 40
2024/1/2, 79
2024/1/3, 104
2024/1/4, 34
2024/1/5, 49
2024/1/6, 41
2024/1/7, 59
2024/1/8, 73
2024/1/9, 68
2024/1/10, 71
2024/1/11, 85
2024/1/12, 41
2024/1/13, 62
2024/1/14, 29
2024/1/15, 52
2024/1/16, 111
2024/1/17, 128
2024/1/18, 78
2024/1/19, 50
2024/1/20, 52
2024/1/21, 91
2024/1/22, 52
2024/1/23, 39
2024/1/24, 44
2024/1/25, 58
2024/1/26, 48
2024/1/27, 128
2024/1/28, 151
2024/1/29, 92
2024/1/30, 16
2024/1/31, 36
2024/2/1, 82
2024/2/2, 48
2024/2/3, 50
2024/2/4, 55
2024/2/5, 74
2024/2/6, 40
2024/2/7, 36
2024/2/8, 16
2024/2/9, 22
2024/2/10, 19
2024/2/11, 16
2024/2/12, 46
2024/2/13, 27
2024/2/14, 11
2024/2/15, 12
2024/2/16, 41
2024/2/17, 55
2024/2/18, 82
2024/2/19, 65
2024/2/20, 87
2024/2/21, 90
2024/2/22, 33
2024/2/23, 52
2024/2/24, 52
2024/2/25, 86
2024/2/26, 97
2024/2/27, 100
2024/2/28, 98
2024/2/29, 139
2024/3/1, 117
2024/3/2, 61
2024/3/3, 49
2024/3/4, 38
2024/3/5, 63
2024/3/6, 74
2024/3/7, 79
2024/3/8, 22
2024/3/9, 27
2024/3/10, 29
2024/3/11, 23
2024/3/12, 22
2024/3/13, 23
2024/3/14, 23
2024/3/15, 62
2024/3/16, 43
2024/3/17, 34
2024/3/18, 12
2024/3/19, 31
2024/3/20, 26
2024/3/21, 27
2024/3/22, 10
2024/3/23, 4
2024/3/26, 7
2024/3/27, 47
2024/3/28, 53
2024/3/29, 21
2024/3/30, 31
2024/3/31, 29
2023/10/1, 6
2023/10/2, 9
2023/10/3, 19
2023/10/4, 21
2023/10/5, 26
2023/10/6, 26
2023/10/7, 30
2023/10/8, 19
2023/10/9, 22
2023/10/10, 19
2023/10/11, 21
2023/10/12, 28
2023/10/13, 22
2023/10/14, 35
2023/10/15, 19
2023/10/16, 37
2023/10/17, 39
2023/10/18, 23
2023/10/19, 19
2023/10/20, 29
2023/10/22, 3
2023/10/23, 13
2023/10/24, 63
2023/10/25, 10
2023/10/26, 19
2023/10/27, 32
2023/10/28, 23
2023/10/29, 15
2023/10/30, 26
2023/10/31, 32
2023/11/1, 33
2023/11/2, 22
2023/11/3, 63
2023/11/4, 28
2023/11/5, 46
2023/11/6, 54
2023/11/7, 62
2023/11/8, 48
2023/11/9, 14
2023/11/10, 18
2023/11/11, 25
2023/11/12, 25
2023/11/13, 26
2023/11/14, 40
2023/11/15, 28
2023/11/16, 16
2023/11/17, 27
2023/11/18, 29
2023/11/19, 50
2023/11/20, 22
2023/11/21, 21
2023/11/22, 47
2023/11/23, 43
2023/11/24, 21
2023/11/25, 44
2023/11/26, 41
2023/11/27, 26
2023/11/28, 19
2023/11/29, 19
2023/11/30, 57
2023/12/1, 34
2023/12/2, 18
2023/12/3, 13
2023/12/4, 62
2023/12/7, 8
2023/12/8, 16
2023/12/9, 64
2023/12/10, 115
2023/12/11, 134
2023/12/12, 52
2023/12/13, 131
2023/12/14, 80
2023/12/15, 131
2023/12/16, 179
2023/12/17, 144
2023/12/18, 40
2023/12/19, 57
2023/12/20, 66
2023/12/21, 66
2023/12/22, 82
2023/12/23, 33
2023/12/24, 35
2023/12/25, 14
2023/12/26, 32
2023/12/27, 49
2023/12/28, 32
2023/12/29, 50
2023/12/30, 68
2023/12/31, 52
2023/7/2, 4
2023/7/3, 19
2023/7/4, 41
2023/7/5, 30
2023/7/6, 38
2023/7/7, 33
2023/7/8, 34
2023/7/9, 37
2023/7/10, 34
2023/7/11, 42
2023/7/12, 30
2023/7/13, 36
2023/7/14, 40
2023/7/15, 42
2023/7/16, 37
2023/7/17, 49
2023/7/18, 41
2023/7/19, 42
2023/7/20, 44
2023/7/21, 52
2023/7/22, 49
2023/7/23, 42
2023/7/24, 54
2023/7/25, 26
2023/7/26, 43
2023/7/27, 40
2023/7/28, 51
2023/7/29, 31
2023/7/30, 40
2023/7/31, 41
2023/8/1, 35
2023/8/2, 40
2023/8/3, 31
2023/8/4, 38
2023/8/5, 38
2023/8/6, 47
2023/8/7, 36
2023/8/8, 35
2023/8/9, 28
2023/8/10, 32
2023/8/11, 48
2023/8/12, 40
2023/8/13, 26
2023/8/14, 27
2023/8/15, 32
2023/8/16, 35
2023/8/17, 29
2023/8/18, 37
2023/8/19, 28
2023/8/20, 32
2023/8/21, 37
2023/8/22, 32
2023/8/23, 38
2023/8/24, 34
2023/8/25, 30
2023/8/26, 29
2023/8/27, 36
2023/8/28, 34
2023/8/29, 33
2023/8/30, 40
2023/8/31, 48
2023/9/1, 42
2023/9/2, 37
2023/9/3, 31
2023/9/4, 24
2023/9/5, 34
2023/9/6, 35
2023/9/7, 52
2023/9/8, 43
2023/9/9, 36
2023/9/10, 41
2023/9/11, 50
2023/9/12, 46
2023/9/13, 52
2023/9/14, 33
2023/9/15, 45
2023/9/16, 42
2023/9/17, 44
2023/9/18, 46
2023/9/19, 53
2023/9/20, 37
2023/9/21, 29
2023/9/22, 23
2023/9/23, 37
2023/9/24, 31
2023/9/25, 39
2023/9/26, 37
2023/9/27, 25
2023/9/28, 5
2023/9/29, 6
2023/9/30, 5
2023/4/1, 48
2023/4/2, 43
2023/4/3, 47
2023/4/4, 57
2023/4/5, 56
2023/4/6, 56
2023/4/7, 65
2023/4/8, 51
2023/4/9, 36
2023/4/10, 47
2023/4/11, 37
2023/4/12, 39
2023/4/13, 34
2023/4/14, 47
2023/4/15, 39
2023/4/16, 28
2023/4/17, 39
2023/4/18, 51
2023/4/19, 46
2023/4/20, 65
2023/4/21, 51
2023/4/22, 37
2023/4/23, 28
2023/4/24, 30
2023/4/25, 43
2023/4/26, 31
2023/4/27, 40
2023/4/28, 67
2023/4/29, 44
2023/4/30, 33
2023/5/1, 30
2023/5/2, 24
2023/5/3, 27
2023/5/4, 37
2023/5/5, 36
2023/5/6, 39
2023/5/7, 35
2023/5/8, 24
2023/5/9, 34
2023/5/10, 44
2023/5/11, 50
2023/5/12, 41
2023/5/13, 33
2023/5/14, 27
2023/5/15, 26
2023/5/16, 49
2023/5/17, 51
2023/5/18, 22
2023/5/19, 33
2023/5/20, 35
2023/5/21, 20
2023/5/22, 21
2023/5/23, 38
2023/5/24, 33
2023/5/25, 32
2023/5/26, 44
2023/5/27, 36
2023/5/28, 35
2023/5/29, 34
2023/5/30, 27
2023/5/31, 37
2023/6/1, 50
2023/6/2, 30
2023/6/3, 27
2023/6/4, 33
2023/6/5, 39
2023/6/6, 48
2023/6/7, 29
2023/6/8, 40
2023/6/9, 34
2023/6/10, 45
2023/6/11, 50
2023/6/12, 25
2023/6/13, 60
2023/6/14, 52
2023/6/15, 45
2023/6/16, 30
2023/6/17, 31
2023/6/18, 42
2023/6/19, 33
2023/6/20, 30
2023/6/21, 30
2023/6/22, 28
2023/6/23, 37
2023/6/24, 27
2023/6/25, 31
2023/6/26, 43
2023/6/27, 23
2023/6/28, 47
2023/6/29, 20
2023/6/30, 42
2023/1/2, 108
2023/1/3, 99
2023/1/4, 90
2023/1/5, 75
2023/1/6, 90
2023/1/7, 100
2023/1/8, 101
2023/1/9, 96
2023/1/10, 89
2023/1/11, 92
2023/1/12, 164
2023/1/13, 222
2023/1/14, 318
2023/1/15, 352
2023/1/16, 301
2023/1/17, 471
2023/1/18, 359
2023/1/19, 360
2023/1/20, 298
2023/1/21, 264
2023/1/22, 302
2023/1/23, 220
2023/1/24, 135
2023/1/25, 135
2023/1/26, 169
2023/1/27, 180
2023/1/28, 144
2023/1/29, 139
2023/1/30, 174
2023/1/31, 113
2023/2/1, 108
2023/2/2, 131
2023/2/3, 111
2023/2/4, 112
2023/2/5, 90
2023/2/6, 127
2023/2/7, 133
2023/2/8, 149
2023/2/9, 138
2023/2/10, 125
2023/2/11, 99
2023/2/12, 95
2023/2/13, 135
2023/2/14, 107
2023/2/15, 117
2023/2/16, 190
2023/2/17, 150
2023/2/18, 115
2023/2/19, 130
2023/2/20, 86
2023/2/21, 85
2023/2/22, 76
2023/2/23, 105
2023/2/24, 100
2023/2/25, 93
2023/2/26, 135
2023/2/27, 180
2023/2/28, 129
2023/3/1, 85
2023/3/2, 88
2023/3/3, 88
2023/3/4, 109
2023/3/5, 82
2023/3/6, 98
2023/3/7, 64
2023/3/8, 71
2023/3/9, 88
2023/3/10, 87
2023/3/11, 82
2023/3/12, 126
2023/3/13, 76
2023/3/15, 87
2023/3/16, 77
2023/3/17, 69
2023/3/18, 65
2023/3/19, 57
2023/3/20, 97
2023/3/21, 73
2023/3/22, 74
2023/3/23, 62
2023/3/24, 69
2023/3/25, 73
2023/3/26, 78
2023/3/27, 73
2023/3/28, 92
2023/3/29, 50
2023/3/30, 79
2023/3/31, 64
2022/10/1, 98
2022/10/2, 93
2022/10/3, 106
2022/10/4, 77
2022/10/5, 79
2022/10/6, 89
2022/10/7, 92
2022/10/8, 90
2022/10/9, 80
2022/10/10, 80
2022/10/11, 86
2022/10/12, 90
2022/10/13, 76
2022/10/14, 83
2022/10/15, 86
2022/10/16, 99
2022/10/17, 93
2022/10/18, 69
2022/10/19, 83
2022/10/20, 81
2022/10/21, 83
2022/10/22, 62
2022/10/23, 102
2022/10/24, 124
2022/10/25, 118
2022/10/26, 73
2022/10/27, 68
2022/10/28, 89
2022/10/29, 86
2022/10/30, 78
2022/10/31, 78
2022/11/1, 79
2022/11/2, 78
2022/11/3, 102
2022/11/4, 128
2022/11/5, 90
2022/11/6, 150
2022/11/7, 117
2022/11/8, 71
2022/11/9, 89
2022/11/10, 121
2022/11/11, 132
2022/11/12, 146
2022/11/13, 82
2022/11/14, 89
2022/11/15, 88
2022/11/16, 73
2022/11/17, 90
2022/11/18, 96
2022/11/19, 116
2022/11/20, 86
2022/11/21, 92
2022/11/22, 80
2022/11/23, 85
2022/11/24, 87
2022/11/25, 86
2022/11/26, 90
2022/11/27, 133
2022/11/28, 164
2022/11/29, 194
2022/11/30, 88
2022/12/1, 86
2022/12/2, 169
2022/12/3, 124
2022/12/4, 165
2022/12/5, 187
2022/12/6, 231
2022/12/7, 279
2022/12/8, 181
2022/12/9, 128
2022/12/10, 156
2022/12/11, 256
2022/12/12, 427
2022/12/13, 372
2022/12/14, 152
2022/12/15, 144
2022/12/16, 96
2022/12/17, 143
2022/12/18, 212
2022/12/19, 246
2022/12/20, 128
2022/12/21, 89
2022/12/22, 122
2022/12/23, 181
2022/12/24, 244
2022/12/25, 316
2022/12/26, 257
2022/12/27, 85
2022/12/28, 106
2022/12/29, 132
2022/12/30, 143
2022/12/31, 109
2023/1/1, 95
2022/7/1, 20
2022/7/2, 16
2022/7/3, 23
2022/7/4, 31
2022/7/5, 30
2022/7/6, 46
2022/7/7, 32
2022/7/8, 18
2022/7/9, 19
2022/7/10, 20
2022/7/11, 14
2022/7/12, 13
2022/7/13, 11
2022/7/14, 10
2022/7/15, 22
2022/7/16, 29
2022/7/17, 36
2022/7/18, 35
2022/7/26, 88
2022/7/27, 73
2022/7/28, 67
2022/7/29, 59
2022/7/30, 71
2022/7/31, 58
2022/8/1, 61
2022/8/2, 57
2022/8/3, 64
2022/8/4, 65
2022/8/5, 62
2022/8/6, 65
2022/8/7, 64
2022/8/8, 59
2022/8/9, 61
2022/8/10, 61
2022/8/11, 65
2022/8/12, 64
2022/8/13, 71
2022/8/14, 74
2022/8/15, 70
2022/8/16, 77
2022/8/17, 66
2022/8/18, 64
2022/8/19, 62
2022/8/20, 67
2022/8/21, 60
2022/8/22, 65
2022/8/23, 67
2022/8/24, 71
2022/8/25, 70
2022/8/26, 65
2022/8/27, 62
2022/8/28, 67
2022/8/29, 70
2022/8/30, 69
2022/8/31, 67
2022/9/1, 69
2022/9/2, 71
2022/9/3, 68
2022/9/4, 70
2022/9/5, 72
2022/9/6, 68
2022/9/7, 77
2022/9/8, 72
2022/9/9, 79
2022/9/10, 84
2022/9/11, 88
2022/9/12, 104
2022/9/13, 90
2022/9/14, 89
2022/9/15, 85
2022/9/16, 81
2022/9/17, 89
2022/9/18, 84
2022/9/19, 81
2022/9/20, 80
2022/9/21, 85
2022/9/22, 74
2022/9/23, 78
2022/9/24, 74
2022/9/25, 71
2022/9/26, 75
2022/9/27, 76
2022/9/28, 70
2022/9/29, 69
2022/9/30, 84
2022/4/1, 60
2022/4/2, 53
2022/4/3, 68
2022/4/4, 62
2022/4/5, 44
2022/4/10, 62
2022/4/11, 72
2022/4/12, 71
2022/4/13, 42
2022/4/14, 33
2022/4/15, 33
2022/4/16, 31
2022/4/17, 28
2022/4/18, 37
2022/4/19, 35
2022/4/20, 95
2022/4/21, 78
2022/4/22, 52
2022/4/23, 30
2022/4/24, 37
2022/4/25, 21
2022/4/26, 27
2022/4/27, 30
2022/4/28, 19
2022/4/29, 27
2022/4/30, 39
2022/5/1, 29
2022/5/2, 43
2022/5/3, 48
2022/5/4, 28
2022/5/5, 30
2022/5/6, 28
2022/5/7, 23
2022/5/8, 22
2022/5/9, 46
2022/5/10, 39
2022/5/11, 28
2022/5/12, 22
2022/5/13, 20
2022/5/14, 39
2022/5/15, 20
2022/5/16, 30
2022/5/17, 18
2022/5/18, 23
2022/5/19, 33
2022/5/20, 29
2022/5/21, 27
2022/5/23, 12
2022/5/24, 40
2022/5/25, 51
2022/5/26, 50
2022/5/27, 78
2022/5/28, 19
2022/5/29, 13
2022/5/30, 14
2022/5/31, 17
2022/6/2, 12
2022/6/3, 19
2022/6/4, 15
2022/6/5, 20
2022/6/6, 15
2022/6/7, 19
2022/6/8, 19
2022/6/16, 13
2022/6/20, 44
2022/6/21, 47
2022/6/22, 51
2022/6/23, 48
2022/6/24, 53
2022/6/25, 41
2022/6/26, 43
2022/6/27, 31
2022/6/28, 21
2022/6/29, 26
2022/6/30, 49
2022/1/3, 74
2022/1/4, 58
2022/1/5, 75
2022/1/6, 95
2022/1/7, 110
2022/1/8, 109
2022/1/9, 167
2022/1/10, 147
2022/1/11, 156
2022/1/12, 51
2022/1/13, 78
2022/1/14, 71
2022/1/15, 70
2022/1/16, 83
2022/1/17, 89
2022/1/18, 119
2022/1/19, 106
2022/1/20, 56
2022/1/21, 86
2022/1/22, 73
2022/1/23, 110
2022/1/24, 123
2022/1/25, 149
2022/1/26, 158
2022/1/27, 66
2022/1/28, 94
2022/1/29, 125
2022/1/30, 69
2022/1/31, 140
2022/2/1, 199
2022/2/2, 268
2022/2/3, 108
2022/2/4, 104
2022/2/5, 54
2022/2/6, 58
2022/2/7, 50
2022/2/8, 103
2022/2/11, 65
2022/2/12, 76
2022/2/13, 111
2022/2/14, 149
2022/2/15, 48
2022/2/16, 105
2022/2/17, 140
2022/2/18, 137
2022/2/19, 143
2022/2/20, 74
2022/2/21, 58
2022/2/22, 56
2022/2/23, 78
2022/2/24, 91
2022/2/25, 89
2022/2/26, 93
2022/2/27, 104
2022/2/28, 100
2022/3/1, 124
2022/3/2, 63
2022/3/3, 51
2022/3/4, 53
2022/3/5, 49
2022/3/6, 50
2022/3/7, 36
2022/3/8, 41
2022/3/9, 134
2022/3/10, 57
2022/3/11, 92
2022/3/12, 40
2022/3/13, 41
2022/3/14, 53
2022/3/15, 52
2022/3/16, 83
2022/3/17, 144
2022/3/18, 67
2022/3/19, 81
2022/3/20, 69
2022/3/21, 45
2022/3/22, 49
2022/3/23, 69
2022/3/24, 110
2022/3/25, 56
2022/3/26, 73
2022/3/27, 38
2022/3/28, 54
2022/3/29, 52
2022/3/30, 53
2022/3/31, 69
2021/10/1, 47
2021/10/2, 56
2021/10/3, 84
2021/10/4, 84
2021/10/5, 69
2021/10/6, 53
2021/10/7, 86
2021/10/8, 111
2021/10/9, 120
2021/10/10, 75
2021/10/11, 71
2021/10/12, 76
2021/10/13, 86
2021/10/14, 98
2021/10/15, 118
2021/10/16, 105
2021/10/17, 112
2021/10/18, 122
2021/10/19, 136
2021/10/20, 67
2021/10/21, 83
2021/10/22, 49
2021/10/23, 67
2021/10/24, 71
2021/10/25, 73
2021/10/26, 52
2021/10/27, 96
2021/10/28, 98
2021/10/29, 87
2021/10/30, 79
2021/10/31, 95
2021/11/1, 114
2021/11/2, 89
2021/11/3, 75
2021/11/4, 76
2021/11/5, 167
2021/11/6, 174
2021/11/7, 214
2021/11/8, 200
2021/11/9, 122
2021/11/10, 137
2021/11/11, 129
2021/11/12, 63
2021/11/13, 130
2021/11/14, 93
2021/11/15, 67
2021/11/16, 58
2021/11/17, 93
2021/11/18, 110
2021/11/19, 108
2021/11/20, 120
2021/11/21, 48
2021/11/22, 66
2021/11/23, 62
2021/11/24, 56
2021/11/25, 68
2021/11/26, 92
2021/11/27, 96
2021/11/28, 124
2021/11/29, 49
2021/11/30, 70
2021/12/1, 80
2021/12/2, 37
2021/12/3, 46
2021/12/4, 155
2021/12/5, 149
2021/12/6, 143
2021/12/7, 143
2021/12/8, 95
2021/12/9, 94
2021/12/10, 82
2021/12/11, 75
2021/12/12, 104
2021/12/13, 108
2021/12/14, 121
2021/12/15, 150
2021/12/16, 177
2021/12/17, 90
2021/12/18, 142
2021/12/20, 72
2021/12/21, 26
2021/12/22, 68
2021/12/23, 117
2021/12/24, 99
2021/12/25, 128
2021/12/26, 151
2021/12/27, 83
2021/12/28, 144
2021/12/29, 118
2021/12/30, 126
2021/12/31, 182
2022/1/1, 51
2022/1/2, 65
2021/7/1, 37
2021/7/2, 38
2021/7/3, 36
2021/7/4, 32
2021/7/5, 34
2021/7/6, 41
2021/7/7, 35
2021/7/8, 41
2021/7/9, 63
2021/7/10, 73
2021/7/11, 87
2021/7/12, 62
2021/7/18, 39
2021/7/19, 22
2021/7/20, 33
2021/7/21, 34
2021/7/22, 28
2021/7/23, 29
2021/7/24, 39
2021/7/25, 37
2021/7/26, 32
2021/7/27, 43
2021/7/28, 43
2021/7/29, 50
2021/7/30, 55
2021/7/31, 32
2021/8/1, 41
2021/8/2, 41
2021/8/3, 44
2021/8/4, 35
2021/8/5, 43
2021/8/6, 40
2021/8/7, 39
2021/8/8, 40
2021/8/9, 37
2021/8/10, 36
2021/8/11, 43
2021/8/12, 41
2021/8/13, 69
2021/8/14, 57
2021/8/15, 40
2021/8/16, 53
2021/8/17, 55
2021/8/18, 57
2021/8/19, 53
2021/8/20, 64
2021/8/21, 58
2021/8/22, 56
2021/8/23, 54
2021/8/24, 34
2021/8/25, 38
2021/8/26, 53
2021/8/27, 41
2021/8/28, 34
2021/8/29, 29
2021/8/30, 33
2021/8/31, 44
2021/9/1, 35
2021/9/2, 37
2021/9/3, 48
2021/9/4, 44
2021/9/5, 38
2021/9/6, 46
2021/9/7, 41
2021/9/8, 46
2021/9/9, 41
2021/9/10, 48
2021/9/11, 40
2021/9/12, 36
2021/9/13, 38
2021/9/14, 43
2021/9/15, 46
2021/9/16, 49
2021/9/17, 39
2021/9/18, 53
2021/9/19, 67
2021/9/20, 34
2021/9/21, 47
2021/9/22, 46
2021/9/23, 45
2021/9/24, 42
2021/9/25, 40
2021/9/27, 154
2021/9/28, 149
2021/9/29, 75
2021/9/30, 52
2021/4/1, 52
2021/4/2, 35
2021/4/3, 32
2021/4/4, 37
2021/4/5, 41
2021/4/6, 55
2021/4/7, 63
2021/4/8, 61
2021/4/9, 61
2021/4/10, 62
2021/4/11, 69
2021/4/12, 72
2021/4/13, 91
2021/4/14, 80
2021/4/15, 79
2021/4/16, 65
2021/4/17, 59
2021/4/18, 60
2021/4/19, 36
2021/4/20, 51
2021/4/21, 32
2021/4/22, 55
2021/4/23, 77
2021/4/24, 87
2021/4/25, 40
2021/4/26, 60
2021/4/27, 58
2021/4/28, 57
2021/4/29, 65
2021/4/30, 54
2021/5/1, 44
2021/5/2, 66
2021/5/3, 49
2021/5/4, 53
2021/5/5, 75
2021/5/6, 58
2021/5/7, 50
2021/5/8, 31
2021/5/9, 44
2021/5/10, 42
2021/5/11, 37
2021/5/12, 39
2021/5/13, 31
2021/5/14, 43
2021/5/15, 38
2021/5/16, 40
2021/5/17, 40
2021/5/18, 43
2021/5/19, 40
2021/5/20, 48
2021/5/21, 39
2021/5/22, 44
2021/5/23, 47
2021/5/24, 88
2021/5/25, 78
2021/5/26, 59
2021/5/27, 62
2021/5/28, 55
2021/5/29, 38
2021/5/30, 41
2021/5/31, 42
2021/6/1, 34
2021/6/2, 39
2021/6/3, 37
2021/6/4, 31
2021/6/5, 49
2021/6/6, 53
2021/6/7, 47
2021/6/8, 46
2021/6/9, 47
2021/6/10, 32
2021/6/11, 34
2021/6/12, 30
2021/6/13, 41
2021/6/14, 33
2021/6/15, 34
2021/6/16, 28
2021/6/21, 49
2021/6/22, 42
2021/6/23, 42
2021/6/24, 38
2021/6/25, 61
2021/6/26, 40
2021/6/27, 41
2021/6/28, 41
2021/6/29, 40
2021/6/30, 36
2021/1/4, 413
2021/1/5, 318
2021/1/6, 215
2021/1/7, 278
2021/1/8, 259
2021/1/9, 143
2021/1/10, 95
2021/1/11, 80
2021/1/12, 103
2021/1/13, 118
2021/1/14, 210
2021/1/15, 243
2021/1/16, 148
2021/1/17, 135
2021/1/18, 76
2021/1/19, 94
2021/1/20, 125
2021/1/21, 201
2021/1/22, 197
2021/1/23, 58
2021/1/25, 257
2021/1/26, 291
2021/1/27, 427
2021/1/28, 269
2021/1/29, 203
2021/1/30, 123
2021/1/31, 140
2021/2/1, 120
2021/2/2, 110
2021/2/3, 110
2021/2/4, 107
2021/2/5, 167
2021/2/6, 170
2021/2/7, 252
2021/2/8, 358
2021/2/9, 72
2021/2/10, 79
2021/2/11, 82
2021/2/12, 98
2021/2/13, 172
2021/2/14, 161
2021/2/15, 45
2021/2/16, 49
2021/2/17, 72
2021/2/18, 63
2021/2/19, 72
2021/2/20, 69
2021/2/21, 105
2021/2/22, 106
2021/2/23, 139
2021/2/24, 75
2021/2/25, 60
2021/2/26, 131
2021/2/27, 171
2021/2/28, 75
2021/3/1, 72
2021/3/2, 57
2021/3/3, 79
2021/3/4, 88
2021/3/5, 55
2021/3/6, 90
2021/3/7, 95
2021/3/8, 109
2021/3/9, 90
2021/3/10, 77
2021/3/11, 52
2021/3/12, 54
2021/3/13, 66
2021/3/14, 73
2021/3/15, 106
2021/3/16, 151
2021/3/17, 131
2021/3/18, 84
2021/3/19, 35
2021/3/20, 64
2021/3/21, 59
2021/3/22, 59
2021/3/23, 55
2021/3/24, 54
2021/3/25, 57
2021/3/26, 70
2021/3/27, 58
2021/3/28, 39
2021/3/29, 55
2021/3/30, 43
2021/3/31, 38
2020/10/1, 60
2020/10/2, 48
2020/10/3, 38
2020/10/4, 29
2020/10/5, 37
2020/10/6, 38
2020/10/7, 72
2020/10/8, 64
2020/10/9, 45
2020/10/10, 57
2020/10/11, 75
2020/10/12, 84
2020/10/13, 72
2020/10/14, 68
2020/10/15, 74
2020/10/16, 82
2020/10/17, 90
2020/10/18, 73
2020/10/19, 60
2020/10/20, 82
2020/10/21, 59
2020/10/22, 81
2020/10/23, 51
2020/10/24, 50
2020/10/25, 41
2020/10/26, 63
2020/10/27, 54
2020/10/28, 102
2020/10/29, 85
2020/10/30, 111
2020/10/31, 104
2020/11/1, 113
2020/11/2, 74
2020/11/3, 76
2020/11/4, 100
2020/11/5, 93
2020/11/6, 107
2020/11/7, 62
2020/11/8, 78
2020/11/9, 48
2020/11/10, 58
2020/11/11, 66
2020/11/12, 85
2020/11/13, 92
2020/11/14, 93
2020/11/15, 71
2020/11/16, 44
2020/11/17, 135
2020/11/18, 123
2020/11/19, 107
2020/11/20, 202
2020/11/21, 200
2020/11/22, 264
2020/11/23, 143
2020/11/24, 191
2020/11/25, 146
2020/11/26, 88
2020/11/27, 86
2020/11/28, 72
2020/11/29, 56
2020/11/30, 176
2020/12/1, 256
2020/12/2, 105
2020/12/3, 74
2020/12/4, 134
2020/12/5, 113
2020/12/6, 151
2020/12/7, 176
2020/12/8, 251
2020/12/9, 139
2020/12/10, 153
2020/12/14, 267
2020/12/15, 276
2020/12/16, 208
2020/12/17, 211
2020/12/18, 136
2020/12/19, 79
2020/12/20, 88
2020/12/21, 126
2020/12/22, 239
2020/12/23, 151
2020/12/24, 208
2020/12/25, 168
2020/12/26, 219
2020/12/27, 310
2020/12/28, 198
2020/12/29, 129
2020/12/30, 174
2020/12/31, 260
2021/1/1, 327
2021/1/2, 317
2021/1/3, 339
2020/7/1, 118
2020/7/2, 29
2020/7/3, 27
2020/7/4, 17
2020/7/5, 12
2020/7/6, 21
2020/7/7, 14
2020/7/8, 36
2020/7/9, 29
2020/7/10, 22
2020/7/11, 17
2020/7/12, 14
2020/7/13, 24
2020/7/14, 26
2020/7/15, 23
2020/7/16, 24
2020/7/17, 14
2020/7/18, 19
2020/7/19, 18
2020/7/20, 20
2020/7/21, 14
2020/7/22, 14
2020/7/23, 20
2020/7/24, 28
2020/7/25, 15
2020/7/26, 24
2020/7/27, 15
2020/7/28, 11
2020/7/29, 16
2020/7/30, 14
2020/7/31, 19
2020/8/1, 14
2020/8/2, 17
2020/8/3, 13
2020/8/4, 16
2020/8/5, 16
2020/8/6, 20
2020/8/7, 22
2020/8/8, 18
2020/8/9, 19
2020/8/10, 13
2020/8/11, 14
2020/8/12, 33
2020/8/13, 31
2020/8/14, 20
2020/8/15, 43
2020/8/16, 22
2020/8/17, 42
2020/8/18, 21
2020/8/19, 23
2020/8/20, 19
2020/8/21, 15
2020/8/22, 28
2020/8/23, 28
2020/8/24, 43
2020/8/25, 89
2020/8/26, 69
2020/8/27, 30
2020/8/28, 17
2020/8/29, 25
2020/8/30, 20
2020/8/31, 27
2020/9/1, 25
2020/9/2, 38
2020/9/3, 22
2020/9/4, 19
2020/9/5, 32
2020/9/6, 17
2020/9/7, 27
2020/9/8, 44
2020/9/9, 37
2020/9/10, 42
2020/9/11, 41
2020/9/12, 37
2020/9/13, 25
2020/9/14, 33
2020/9/15, 39
2020/9/16, 25
2020/9/17, 40
2020/9/18, 13
2020/9/19, 25
2020/9/20, 27
2020/9/21, 26
2020/9/22, 26
2020/9/23, 36
2020/9/24, 22
2020/9/25, 36
2020/9/26, 32
2020/9/27, 36
2020/9/28, 31
2020/9/29, 44
2020/9/30, 50
2020/4/1, 50
2020/4/2, 42
2020/4/3, 23
2020/4/4, 33
2020/4/5, 36
2020/4/6, 41
2020/4/7, 34
2020/4/8, 38
2020/4/9, 31
2020/4/10, 45
2020/4/11, 63
2020/4/12, 42
2020/4/13, 40
2020/4/14, 40
2020/4/15, 29
2020/4/16, 35
2020/4/17, 40
2020/4/18, 26
2020/4/19, 26
2020/4/20, 24
2020/4/21, 16
2020/4/22, 18
2020/4/23, 26
2020/4/24, 20
2020/4/25, 30
2020/4/26, 56
2020/4/27, 43
2020/4/28, 61
2020/4/29, 26
2020/4/30, 12
2020/5/1, 26
2020/5/2, 23
2020/5/3, 22
2020/5/4, 27
2020/5/5, 29
2020/5/6, 37
2020/5/7, 27
2020/5/8, 21
2020/5/9, 15
2020/5/10, 19
2020/5/11, 18
2020/5/12, 18
2020/5/13, 23
2020/5/14, 18
2020/5/15, 25
2020/5/16, 44
2020/5/17, 33
2020/5/18, 25
2020/5/19, 21
2020/5/20, 15
2020/5/21, 14
2020/5/22, 23
2020/5/23, 36
2020/5/24, 31
2020/5/25, 45
2020/5/26, 34
2020/5/27, 21
2020/5/28, 39
2020/5/29, 42
2020/5/30, 32
2020/5/31, 28
2020/6/1, 27
2020/6/2, 29
2020/6/3, 44
2020/6/4, 70
2020/6/5, 42
2020/6/6, 45
2020/6/7, 46
2020/6/8, 53
2020/6/9, 29
2020/6/10, 16
2020/6/11, 14
2020/6/12, 11
2020/6/13, 17
2020/6/14, 18
2020/6/15, 11
2020/6/16, 33
2020/6/17, 35
2020/6/18, 26
2020/6/19, 30
2020/6/20, 24
2020/6/21, 35
2020/6/22, 60
2020/6/23, 33
2020/6/24, 9
2020/6/25, 18
2020/6/26, 17
2020/6/27, 35
2020/6/28, 17
2020/6/29, 12
2020/6/30, 23
2020/1/1, 101
2020/1/2, 126
2020/1/3, 82
2020/1/4, 88
2020/1/5, 120
2020/1/6, 146
2020/1/7, 140
2020/1/8, 118
2020/1/9, 147
2020/1/10, 179
2020/1/11, 98
2020/1/12, 138
2020/1/13, 146
2020/1/14, 179
2020/1/15, 133
2020/1/16, 125
2020/1/17, 135
2020/1/18, 159
2020/1/19, 154
2020/1/20, 121
2020/1/21, 133
2020/1/22, 140
2020/1/24, 92
2020/1/25, 103
2020/1/26, 122
2020/1/27, 107
2020/1/28, 106
2020/1/29, 161
2020/1/30, 180
2020/1/31, 150
2020/2/1, 83
2020/2/2, 79
2020/2/3, 85
2020/2/4, 104
2020/2/5, 91
2020/2/6, 93
2020/2/7, 66
2020/2/8, 37
2020/2/9, 39
2020/2/10, 41
2020/2/11, 79
2020/2/12, 149
2020/2/13, 89
2020/2/14, 81
2020/2/15, 105
2020/2/16, 48
2020/2/17, 100
2020/2/18, 108
2020/2/19, 93
2020/2/20, 133
2020/2/21, 121
2020/2/22, 47
2020/2/23, 92
2020/2/24, 164
2020/2/25, 46
2020/2/26, 31
2020/2/27, 51
2020/2/28, 69
2020/2/29, 130
2020/3/1, 86
2020/3/2, 46
2020/3/3, 82
2020/3/4, 89
2020/3/5, 117
2020/3/6, 53
2020/3/7, 54
2020/3/8, 111
2020/3/9, 114
2020/3/10, 117
2020/3/11, 114
2020/3/12, 108
2020/3/13, 79
2020/3/14, 70
2020/3/15, 54
2020/3/16, 46
2020/3/17, 53
2020/3/18, 72
2020/3/19, 61
2020/3/20, 78
2020/3/21, 51
2020/3/22, 31
2020/3/23, 43
2020/3/24, 66
2020/3/25, 62
2020/3/26, 98
2020/3/27, 101
2020/3/28, 66
2020/3/29, 59
2020/3/30, 76
2020/3/31, 75
2019/7/1, 77
2019/7/2, 79
2019/7/3, 75
2019/7/4, 66
2019/7/5, 72
2019/7/6, 68
2019/7/7, 63
2019/7/8, 62
2019/7/9, 69
2019/7/10, 61
2019/7/11, 63
2019/7/12, 76
2019/7/13, 73
2019/7/14, 69
2019/7/15, 71
2019/7/16, 75
2019/7/17, 81
2019/7/18, 76
2019/7/19, 70
2019/7/20, 75
2019/7/21, 78
2019/7/22, 86
2019/7/23, 145
2019/7/24, 95
2019/7/25, 79
2019/7/26, 80
2019/7/27, 122
2019/7/28, 111
2019/7/29, 107
2019/7/30, 87
2019/7/31, 84
2019/8/1, 68
2019/8/2, 69
2019/8/3, 79
2019/8/4, 74
2019/8/5, 74
2019/8/6, 74
2019/8/7, 78
2019/8/8, 79
2019/8/9, 81
2019/8/10, 77
2019/8/11, 76
2019/8/12, 79
2019/8/13, 88
2019/8/14, 84
2019/8/15, 65
2019/8/16, 69
2019/8/17, 62
2019/8/18, 60
2019/8/19, 63
2019/8/20, 69
2019/8/21, 68
2019/8/22, 69
2019/8/23, 65
2019/8/24, 69
2019/8/25, 65
2019/8/26, 70
2019/8/27, 75
2019/8/28, 73
2019/8/29, 77
2019/9/4, 82
2019/9/5, 67
2019/9/6, 58
2019/9/7, 65
2019/9/8, 76
2019/9/9, 65
2019/9/10, 59
2019/9/11, 63
2019/9/12, 70
2019/9/13, 72
2019/9/14, 84
2019/9/15, 68
2019/9/16, 51
2019/9/17, 57
2019/9/18, 69
2019/9/19, 71
2019/9/20, 76
2019/9/21, 84
2019/9/22, 72
2019/9/23, 106
2019/9/24, 109
2019/9/25, 97
2019/9/26, 97
2019/9/27, 93
2019/9/28, 95
2019/9/29, 81
2019/9/30, 84
2019/10/1, 77
2019/10/2, 73
2019/10/3, 76
2019/10/4, 78
2019/10/5, 92
2019/10/6, 95
2019/4/1, 68
2019/4/2, 88
2019/4/3, 69
2019/4/4, 95
2019/4/5, 72
2019/4/6, 68
2019/4/7, 66
2019/4/8, 78
2019/4/9, 77
2019/4/10, 71
2019/4/11, 62
2019/4/12, 66
2019/4/13, 72
2019/4/14, 82
2019/4/15, 74
2019/4/16, 62
2019/4/17, 64
2019/4/18, 69
2019/4/19, 82
2019/4/20, 77
2019/4/21, 76
2019/4/22, 65
2019/4/23, 65
2019/4/24, 64
2019/4/25, 58
2019/4/26, 67
2019/4/27, 62
2019/4/28, 64
2019/4/29, 77
2019/4/30, 65
2019/5/1, 63
2019/5/2, 59
2019/5/3, 57
2019/5/4, 64
2019/5/5, 64
2019/5/6, 67
2019/5/7, 67
2019/5/8, 66
2019/5/9, 63
2019/5/10, 73
2019/5/11, 73
2019/5/12, 85
2019/5/13, 68
2019/5/14, 77
2019/5/15, 76
2019/5/16, 72
2019/5/17, 85
2019/5/18, 72
2019/5/19, 62
2019/5/20, 61
2019/5/21, 65
2019/5/22, 63
2019/5/23, 61
2019/5/24, 77
2019/5/25, 63
2019/5/26, 67
2019/5/27, 66
2019/5/28, 62
2019/5/29, 61
2019/5/30, 62
2019/5/31, 67
2019/6/1, 72
2019/6/2, 70
2019/6/3, 64
2019/6/4, 66
2019/6/5, 58
2019/6/6, 53
2019/6/7, 62
2019/6/8, 58
2019/6/9, 62
2019/6/10, 61
2019/6/11, 55
2019/6/12, 55
2019/6/13, 60
2019/6/14, 62
2019/6/15, 62
2019/6/16, 58
2019/6/17, 65
2019/6/18, 64
2019/6/19, 64
2019/6/20, 59
2019/6/21, 64
2019/6/22, 67
2019/6/23, 59
2019/6/24, 58
2019/6/25, 65
2019/6/26, 60
2019/6/27, 68
2019/6/28, 66
2019/6/29, 64
2019/6/30, 58
2019/2/13, 154
2019/2/14, 125
2019/2/15, 119
2019/2/16, 80
2019/2/17, 113
2019/2/18, 83
2019/2/19, 101
2019/2/20, 95
2019/2/21, 86
2019/2/22, 124
2019/2/23, 137
2019/2/24, 80
2019/2/25, 93
2019/2/26, 108
2019/2/27, 130
2019/2/28, 117
2019/3/1, 118
2019/3/2, 131
2019/3/3, 84
2019/3/4, 77
2019/3/5, 108
2019/3/6, 103
2019/3/7, 150
2019/3/8, 117
2019/3/9, 127
2019/3/10, 106
2019/3/11, 120
2019/3/12, 133
2019/3/13, 97
2019/3/14, 120
2019/3/15, 139
2019/3/16, 101
2019/3/17, 117
2019/3/18, 103
2019/3/19, 119
2019/3/20, 128
2019/3/21, 103
2019/3/22, 104
2019/3/23, 108
2019/3/24, 70
2019/3/25, 67
2019/3/26, 69
2019/3/27, 86
2019/3/28, 91
2019/3/29, 58
2019/3/30, 64
2019/3/31, 73